[
    {
        "id": 1,
        "location": "Bundaran HI (Jakarta)",
        "city": "Jakarta",
        "lat": -6.2000,
        "lng": 106.8300,
        "date": "2024-12-10",
        "height": 50
    },
    {
        "id": 2,
        "location": "Kuningan (Jakarta)",
        "city": "Jakarta",
        "lat": -6.2250,
        "lng": 106.8550,
        "date": "2024-12-10",
        "height": 30
    },
    {
        "id": 3,
        "location": "Wonokromo (Surabaya)",
        "city": "Surabaya",
        "lat": -7.2900,
        "lng": 112.7300,
        "date": "2024-12-10",
        "height": 45
    },
    {
        "id": 4,
        "location": "Gedung Sate (Bandung)",
        "city": "Bandung",
        "lat": -6.9030,
        "lng": 107.6186,
        "date": "2024-12-10",
        "height": 10
    },
    {
        "id": 5,
        "location": "Simpang Lima (Semarang)",
        "city": "Semarang",
        "lat": -6.9900,
        "lng": 110.4200,
        "date": "2024-12-10",
        "height": 60
    },
    {
        "id": 6,
        "location": "Jurug (Solo)",
        "city": "Surakarta (Solo)",
        "lat": -7.5600,
        "lng": 110.8600,
        "date": "2024-12-10",
        "height": 35
    },
    {
        "id": 7,
        "location": "Pantai Sari (Pekalongan)",
        "city": "Pekalongan",
        "lat": -6.8700,
        "lng": 109.6800,
        "date": "2024-12-10",
        "height": 80
    },
    {
        "id": 8,
        "location": "Jalan Sisingamangaraja (Medan)",
        "city": "Medan",
        "lat": 3.5850,
        "lng": 98.6750,
        "date": "2024-12-10",
        "height": 40
    },
    {
        "id": 9,
        "location": "Benteng Kuto Besak (Palembang)",
        "city": "Palembang",
        "lat": -2.9900,
        "lng": 104.7600,
        "date": "2024-12-10",
        "height": 20
    },
    {
        "id": 10,
        "location": "Simpang Lima (Makassar)",
        "city": "Makassar",
        "lat": -5.1400,
        "lng": 119.4300,
        "date": "2024-12-10",
        "height": 55
    },
    {
        "id": 11,
        "location": "Simpang Lembuswana (Samarinda)",
        "city": "Samarinda",
        "lat": -0.4700,
        "lng": 117.1500,
        "date": "2024-12-10",
        "height": 70
    },
    {
        "id": 12,
        "location": "Siring (Banjarmasin)",
        "city": "Banjarmasin",
        "lat": -3.3200,
        "lng": 114.5900,
        "date": "2024-12-10",
        "height": 25
    }
]