[
    {
        "city": "Jakarta",
        "name": "Zona Merah Jakarta",
        "riskLevel": "High",
        "color": "red",
        "coords": [
            [
                -6.1900,
                106.8200
            ],
            [
                -6.1900,
                106.8400
            ],
            [
                -6.2100,
                106.8400
            ],
            [
                -6.2100,
                106.8200
            ]
        ],
        "description": "<strong>Zona Merah (JKT)</strong><br>Risiko Tinggi: Kawasan rawan banjir parah."
    },
    {
        "city": "Jakarta",
        "name": "Zona Kuning Jakarta",
        "riskLevel": "Medium",
        "color": "orange",
        "coords": [
            [
                -6.2150,
                106.8450
            ],
            [
                -6.2150,
                106.8650
            ],
            [
                -6.2350,
                106.8650
            ],
            [
                -6.2350,
                106.8450
            ]
        ],
        "description": "<strong>Zona Kuning (JKT)</strong><br>Risiko Sedang: Waspada genangan air."
    },
    {
        "city": "Jakarta",
        "name": "Zona Hijau Jakarta",
        "riskLevel": "Low",
        "color": "green",
        "coords": [
            [
                -6.1800,
                106.8500
            ],
            [
                -6.1800,
                106.8700
            ],
            [
                -6.2000,
                106.8700
            ],
            [
                -6.2000,
                106.8500
            ]
        ],
        "description": "<strong>Zona Hijau (JKT)</strong><br>Risiko Rendah: Aman."
    },
    {
        "city": "Surabaya",
        "name": "Zona Merah Surabaya",
        "riskLevel": "High",
        "color": "red",
        "coords": [
            [
                -7.2600,
                112.7400
            ],
            [
                -7.2600,
                112.7600
            ],
            [
                -7.2800,
                112.7600
            ],
            [
                -7.2800,
                112.7400
            ]
        ],
        "description": "<strong>Zona Merah (SBY)</strong><br>Risiko Tinggi: Area Rungkut & sekitarnya."
    },
    {
        "city": "Bandung",
        "name": "Zona Kuning Bandung",
        "riskLevel": "Medium",
        "color": "orange",
        "coords": [
            [
                -6.9100,
                107.6000
            ],
            [
                -6.9100,
                107.6200
            ],
            [
                -6.9300,
                107.6200
            ],
            [
                -6.9300,
                107.6000
            ]
        ],
        "description": "<strong>Zona Kuning (BDG)</strong><br>Risiko Sedang: Area Dayeuhkolot saat hujan deras."
    },
    {
        "city": "Semarang",
        "name": "Zona Merah Semarang (Pantai)",
        "riskLevel": "High",
        "color": "red",
        "coords": [
            [
                -6.9400,
                110.4000
            ],
            [
                -6.9400,
                110.4400
            ],
            [
                -6.9600,
                110.4400
            ],
            [
                -6.9600,
                110.4000
            ]
        ],
        "description": "<strong>Zona Merah (SMG)</strong><br>Risiko Tinggi: Banjir Rob (Pasang Air Laut)."
    },
    {
        "city": "Surakarta (Solo)",
        "name": "Zona Kuning Solo",
        "riskLevel": "Medium",
        "color": "orange",
        "coords": [
            [
                -7.5500,
                110.8200
            ],
            [
                -7.5500,
                110.8500
            ],
            [
                -7.5800,
                110.8500
            ],
            [
                -7.5800,
                110.8200
            ]
        ],
        "description": "<strong>Zona Kuning (Solo)</strong><br>Risiko Sedang: Luapan Bengawan Solo."
    },
    {
        "city": "Pekalongan",
        "name": "Zona Merah Pekalongan",
        "riskLevel": "High",
        "color": "red",
        "coords": [
            [
                -6.8800,
                109.6600
            ],
            [
                -6.8800,
                109.6900
            ],
            [
                -6.9000,
                109.6900
            ],
            [
                -6.9000,
                109.6600
            ]
        ],
        "description": "<strong>Zona Merah (Pekalongan)</strong><br>Risiko Tinggi: Banjir Rob merendam pemukiman."
    },
    {
        "city": "Medan",
        "name": "Zona Merah Medan (Belawan)",
        "riskLevel": "High",
        "color": "red",
        "coords": [
            [
                3.7000,
                98.6600
            ],
            [
                3.7000,
                98.7000
            ],
            [
                3.7400,
                98.7000
            ],
            [
                3.7400,
                98.6600
            ]
        ],
        "description": "<strong>Zona Merah (Medan)</strong><br>Risiko Tinggi: Banjir Rob Belawan & Luapan Sungai Deli."
    },
    {
        "city": "Palembang",
        "name": "Zona Kuning Palembang",
        "riskLevel": "Medium",
        "color": "orange",
        "coords": [
            [
                -2.9500,
                104.7500
            ],
            [
                -2.9500,
                104.7800
            ],
            [
                -2.9800,
                104.7800
            ],
            [
                -2.9800,
                104.7500
            ]
        ],
        "description": "<strong>Zona Kuning (Palembang)</strong><br>Risiko Sedang: Pasang surut Sungai Musi."
    },
    {
        "city": "Makassar",
        "name": "Zona Merah Makassar",
        "riskLevel": "High",
        "color": "red",
        "coords": [
            [
                -5.1300,
                119.4500
            ],
            [
                -5.1300,
                119.4900
            ],
            [
                -5.1600,
                119.4900
            ],
            [
                -5.1600,
                119.4500
            ]
        ],
        "description": "<strong>Zona Merah (Makassar)</strong><br>Risiko Tinggi: Manggala & Biringkanaya."
    },
    {
        "city": "Samarinda",
        "name": "Zona Merah Samarinda",
        "riskLevel": "High",
        "color": "red",
        "coords": [
            [
                -0.4800,
                117.1400
            ],
            [
                -0.4800,
                117.1700
            ],
            [
                -0.5100,
                117.1700
            ],
            [
                -0.5100,
                117.1400
            ]
        ],
        "description": "<strong>Zona Merah (Samarinda)</strong><br>Risiko Tinggi: Simpang Empat Lembuswana."
    },
    {
        "city": "Banjarmasin",
        "name": "Zona Kuning Banjarmasin",
        "riskLevel": "Medium",
        "color": "orange",
        "coords": [
            [
                -3.3100,
                114.5800
            ],
            [
                -3.3100,
                114.6100
            ],
            [
                -3.3300,
                114.6100
            ],
            [
                -3.3300,
                114.5800
            ]
        ],
        "description": "<strong>Zona Kuning (Banjarmasin)</strong><br>Risiko Sedang: Banjir musiman air pasang."
    }
]